name,
ALLEQUIPPA ST,
ARGYLE WAY,
ATWOOD ST,
AYERS ST,
BATES ST,
BAYARD ST,
BEELEN ST,
BELGREEN PL,
BELLEFIELD AVE,
BENSON PL,
BENTLEY DR,
BIGELOW BLVD,
BIRMINGHAM BRG,
BLAIR ST,
BLVD OF THE ALLIES ,
BOHEM ST,
BOLAIR WAY,
BOUNDARY ST,
BOUQUET CT,
BOUQUET ST,
BRACKENRIDGE ST,
BRADY ST,
BRENHAM ST,
BRYN MAWR RD,
BURROWS ST,
CABLE PL,
CABLE WAY,
CATO ST,
CENTRE AVE,
CHESNEY WAY,
CHESTERFIELD RD,
CHILDS ST,
COLLINSON PL,
COLTART AVE,
CRAFT AVE,
CRAFT PL,
CRAIG ST,
DARIUM DR,
DARRAGH ST,
DAULER WAY,
DAWSON CT,
DAWSON ST,
DECRE WAY,
DERAUD ST,
DESOTO ST,
DIMLING WAY,
DITHRIDGE ST,
DUNBAR WAY,
DUNSEITH ST,
EDGEHILL ST,
EDITH PL,
ELLERS ST,
ELLSWORTH AVE,
ELSINORE SQ,
ERMINE WAY,
EULER WAY,
FIBER WAY,
FILMORE ST,
FORBES AVE,
FOWLKES WAY,
FRAZIER ST,
FRESCO WAY,
GALENA WAY,
GAZZAM ST,
GORMAN WAY,
HALKET PL,
HALKET ST,
HAMLET ST,
HARDIE WAY,
HENRY ST,
HIKE WAY,
HODGE ST,
HOLMES PL,
HOT METAL ST BRG,
HYMAN PL,
IROQUOIS WAY,
ISIS WAY,
JAMAL PL,
JET WAY,
JOE HAMMER SQ,
JONCAIRE ST,
JULIET ST,
JUNO ST,
KENNETT SQ,
KIRKPATRICK ST,
LAWN ST,
LEDGE WAY,
LOTHROP ST,
LOUISA ST,
LYTTON AVE,
MACKEY ST,
MAURICE ST,
MCDEVITT PL,
MCKEE PL,
MELBA PL,
MELWOOD AVE,
MEYRAN AVE,
MOHAWK ST,
MOULTRIE ST,
NEVILLE ST,
NIAGARA SQ,
NIAGARA ST,
NIMROD WAY,
OAK HILL DR,
OAKLAND AVE,
OAKLAND CT,
OAKLAND SQ,
OAKLAND WAY,
OHARA ST,
OLD KIRKPATRICK ST,
OPHELIA ST,
ORPWOOD ST,
ORR ST,
OUTLET ST,
PARKMAN AVE,
PARKVIEW AVE,
PASSAGE WAY,
PIER ST,
RISING WAY,
ROBERTO CLEMENTE DR,
ROBINSON ST,
ROCK WAY,
ROMEO ST,
RUSKIN AVE,
SCHENLEY DR,
SCHENLEY FARMS TER,
SEINE WAY,
SEMPLE ST,
SENECA ST,
SENNOTT ST,
SPRING WAY,
SUTHERLAND DR,
SWINBURNE ST,
TERRACE ST,
THACKERAY AVE,
THORA WAY,
TURNER PL,
TUSTIN ST,
URIE WAY,
VANCE WAY,
VICTORIA ST,
VIRGILA PL,
WAKEFIELD ST,
WALLINGFORD ST,
WARD ST,
WATSON ST,
WHITNEY ST,
WHITRIDGE ST,
WINTHROP ST,
WOLF WAY,
WYANDOTTE ST,
YARROW WAY,
YORK WAY,
ZEBINA WAY,
ZULEMA ST,
HAMERSCHLAG DR,
WORMSER WAY,
SAINT JAMES PL,
DOLLAR ST,
TENNYSON AVE,
GRIFFITHS ST,
WELSFORD ST,
DIULUS WAY,
CARLOW DR,
YARROW ST